record_id,source,source_record_id,scientific_name,taxa_order,taxa_family,ncbi_taxid,active_ingredient,irac_moa_group,chemical_class,cas_number,smiles,inchikey,resistance_year,country,continent,bioassay_method,susceptible_baseline,field_lc50,resistance_ratio,target_mutation
REC-V2-0001,APRD,APRD-PX-001,Plutella xylostella,Lepidoptera,Plutellidae,51655,Chlorantraniliprole,28,Anthranilic diamide,500008-45-7,CC1=CC(=C(C(=C1)C(=O)NC2=CC(=NN2C3=NC=CC=C3Cl)C(=O)NC)Cl)Br,INCHIK_CHLOR_28,2012,China,Asia,Leaf dip,0.012,0.54,45.0,RyR-G4946E
REC-V2-0002,APRD,APRD-PX-002,Plutella xylostella,Lepidoptera,Plutellidae,51655,Chlorantraniliprole,28,Anthranilic diamide,500008-45-7,CC1=CC(=C(C(=C1)C(=O)NC2=CC(=NN2C3=NC=CC=C3Cl)C(=O)NC)Cl)Br,INCHIK_CHLOR_28,2016,China,Asia,Leaf dip,0.012,2.88,240.0,RyR-G4946E
REC-V2-0003,APRD,APRD-PX-003,Plutella xylostella,Lepidoptera,Plutellidae,51655,Spinosad,5,Spinosyn,168316-95-8,CCC1CC(=O)C(CC(C1)OC2CCC(C(O2)C)N(C)C)C,INCHIK_SPIN_5,2008,USA,North America,Leaf dip,0.35,42.0,120.0,nAChR-G275E
REC-V2-0004,APRD,APRD-PX-004,Plutella xylostella,Lepidoptera,Plutellidae,51655,Indoxacarb,22A,Oxadiazine,144171-61-9,COCC1(C2=C(CCN1C(=O)N(C(=O)OC)C3=CC(=C(C=C3)OC(F)(F)F)Cl)C=CC(=C2)Cl)C(=O)OC,INCHIK_INDOX_22A,2014,India,Asia,Leaf dip,0.20,18.4,92.0,None
REC-V2-0005,APRD,APRD-PX-005,Plutella xylostella,Lepidoptera,Plutellidae,51655,Emamectin benzoate,6,Avermectin,155569-91-8,CCC(C)C1CC(CC2(O1)CC3CC(O2)CC=C(C(C(C=CC=C4COC5C4(C(CC(C5O)OC6CC(C(C(O6)C)O)OC7CC(C(C(O7)C)O)NC)O)O)C)O3)C)C,INCHIK_EMAM_6,2017,Thailand,Asia,Leaf dip,0.005,0.48,96.0,GluCl-None
REC-V2-0006,APRD,APRD-PX-006,Plutella xylostella,Lepidoptera,Plutellidae,51655,Permethrin,3A,Pyrethroid,52645-53-1,CC1(C(C1C=C(Cl)Cl)C(=O)OCC2=CC(=CC=C2)OC3=CC=CC=C3)C,INCHIK_PERM_3A,1998,USA,North America,Topical,0.15,12.0,80.0,kdr-L1014F
REC-V2-0007,APRD,APRD-HA-001,Helicoverpa armigera,Lepidoptera,Noctuidae,29058,Cypermethrin,3A,Pyrethroid,52315-07-8,CC1(C(C1C=C(Cl)Cl)C(=O)OC(C#N)C2=CC(=CC=C2)OC3=CC=CC=C3)C,INCHIK_CYPER_3A,2002,India,Asia,Topical,0.05,26.5,530.0,kdr-L1014F
REC-V2-0008,APRD,APRD-HA-002,Helicoverpa armigera,Lepidoptera,Noctuidae,29058,Chlorantraniliprole,28,Anthranilic diamide,500008-45-7,CC1=CC(=C(C(=C1)C(=O)NC2=CC(=NN2C3=NC=CC=C3Cl)C(=O)NC)Cl)Br,INCHIK_CHLOR_28,2018,Brazil,South America,Diet incorporation,0.02,0.36,18.0,RyR-I4790M
REC-V2-0009,APRD,APRD-HA-003,Helicoverpa armigera,Lepidoptera,Noctuidae,29058,Spinosad,5,Spinosyn,168316-95-8,CCC1CC(=O)C(CC(C1)OC2CCC(C(O2)C)N(C)C)C,INCHIK_SPIN_5,2015,Australia,Oceania,Diet incorporation,0.10,0.85,8.5,None
REC-V2-0010,APRD,APRD-HA-004,Helicoverpa armigera,Lepidoptera,Noctuidae,29058,Methomyl,1A,Carbamate,16752-77-5,CC(=NOC(=O)NC)SC,INCHIK_METH_1A,2005,India,Asia,Topical,0.22,9.9,45.0,AChE-None
REC-V2-0011,APRD,APRD-HA-005,Helicoverpa armigera,Lepidoptera,Noctuidae,29058,Cry1Ac,11A,Bacillus thuringiensis,68038-71-1,CC(=O)N,INCHIK_BT_11A,2011,India,Asia,Diet incorporation,0.15,18.75,125.0,ABCC2-None
REC-V2-0012,APRD,APRD-SF-001,Spodoptera frugiperda,Lepidoptera,Noctuidae,7108,Chlorantraniliprole,28,Anthranilic diamide,500008-45-7,CC1=CC(=C(C(=C1)C(=O)NC2=CC(=NN2C3=NC=CC=C3Cl)C(=O)NC)Cl)Br,INCHIK_CHLOR_28,2020,Brazil,South America,Diet incorporation,0.015,0.72,48.0,RyR-I4790M
REC-V2-0013,APRD,APRD-SF-002,Spodoptera frugiperda,Lepidoptera,Noctuidae,7108,Spinetoram,5,Spinosyn,187166-40-1,CCC1CC(=O)C(CC(C1)OC2CCC(C(O2)C)N(C)C)C,INCHIK_SPINT_5,2021,USA,North America,Diet incorporation,0.04,0.16,4.0,None
REC-V2-0014,APRD,APRD-SF-003,Spodoptera frugiperda,Lepidoptera,Noctuidae,7108,Lambda-cyhalothrin,3A,Pyrethroid,91465-08-6,CC1(C(C1C=C(Cl)C(F)(F)F)C(=O)OC(C#N)C2=CC(=CC=C2)OC3=CC=CC=C3)C,INCHIK_LAMB_3A,2019,Brazil,South America,Topical,0.08,8.8,110.0,kdr-L1014F
REC-V2-0015,APRD,APRD-SF-004,Spodoptera frugiperda,Lepidoptera,Noctuidae,7108,Chlorpyrifos,1B,Organophosphate,2921-88-2,CCOP(=S)(OCC)OC1=NC(=C(C=C1Cl)Cl)Cl,INCHIK_CHLORP_1B,2018,Kenya,Africa,Diet incorporation,0.30,12.6,42.0,AChE-G119S
REC-V2-0016,APRD,APRD-MP-001,Myzus persicae,Hemiptera,Aphididae,13164,Imidacloprid,4A,Neonicotinoid,138261-41-3,C1CN(C(=N[N+](=O)[O-])N1)CC2=CN=C(C=C2)Cl,INCHIK_IMID_4A,2007,France,Europe,Leaf dip,0.25,22.5,90.0,nAChR-R81T
REC-V2-0017,APRD,APRD-MP-002,Myzus persicae,Hemiptera,Aphididae,13164,Imidacloprid,4A,Neonicotinoid,138261-41-3,C1CN(C(=N[N+](=O)[O-])N1)CC2=CN=C(C=C2)Cl,INCHIK_IMID_4A,2013,Greece,Europe,Leaf dip,0.25,87.5,350.0,nAChR-R81T
REC-V2-0018,APRD,APRD-MP-003,Myzus persicae,Hemiptera,Aphididae,13164,Spirotetramat,23,Tetramic acid derivative,203313-25-1,CCOC(=O)OC1(CCC(CC1)OC)C(=O)N(C)C2=C(C=CC(=C2C)C)C,INCHIK_SPIROT_23,2019,Spain,Europe,Leaf dip,0.15,0.90,6.0,None
REC-V2-0019,APRD,APRD-MP-004,Myzus persicae,Hemiptera,Aphididae,13164,Deltamethrin,3A,Pyrethroid,52918-63-5,CC1(C(C1C=C(Br)Br)C(=O)OC(C#N)C2=CC(=CC=C2)OC3=CC=CC=C3)C,INCHIK_DELTA_3A,2001,UK,Europe,Leaf dip,0.04,18.0,450.0,super-kdr-M918T
REC-V2-0020,APRD,APRD-MP-005,Myzus persicae,Hemiptera,Aphididae,13164,Pymetrozine,9B,Pyridine azomethine,123312-89-0,CC1=NN=C(NC1=O)C=NN2CCCCCC2,INCHIK_PYMET_9B,2016,China,Asia,Leaf dip,0.80,6.4,8.0,None
REC-V2-0021,APRD,APRD-NL-001,Nilaparvata lugens,Hemiptera,Delphacidae,108931,Imidacloprid,4A,Neonicotinoid,138261-41-3,C1CN(C(=N[N+](=O)[O-])N1)CC2=CN=C(C=C2)Cl,INCHIK_IMID_4A,2005,China,Asia,Topical,0.015,1.80,120.0,nAChR-Y151S
REC-V2-0022,APRD,APRD-NL-002,Nilaparvata lugens,Hemiptera,Delphacidae,108931,Thiamethoxam,4A,Neonicotinoid,153719-23-4,CN1COCN(C1=N[N+](=O)[O-])CC2=CN=C(S2)Cl,INCHIK_THIAM_4A,2010,Vietnam,Asia,Topical,0.02,2.40,120.0,nAChR-Y151S
REC-V2-0023,APRD,APRD-NL-003,Nilaparvata lugens,Hemiptera,Delphacidae,108931,Chlorpyrifos,1B,Organophosphate,2921-88-2,CCOP(=S)(OCC)OC1=NC(=C(C=C1Cl)Cl)Cl,INCHIK_CHLORP_1B,2008,India,Asia,Topical,0.18,5.4,30.0,AChE-None
REC-V2-0024,APRD,APRD-NL-004,Nilaparvata lugens,Hemiptera,Delphacidae,108931,Fipronil,2B,Phenylpyrazole,120068-37-3,C1=C(C(=CC(=C1Cl)C(F)(F)F)Cl)N2C(=C(C(=N2)C#N)S(=O)C(F)(F)F)N,INCHIK_FIPRO_2B,2009,China,Asia,Topical,0.008,0.72,90.0,GABA-A302S
REC-V2-0025,APRD,APRD-NL-005,Nilaparvata lugens,Hemiptera,Delphacidae,108931,Triflumezopyrim,4E,Mesoionic,1263133-33-0,CC1=C(C(=O)N(C2=CC=CC=C21)C3=CN=CC=C3)[O-],INCHIK_TRIFLUM_4E,2022,China,Asia,Rice stem dip,0.05,0.15,3.0,None
REC-V2-0026,APRD,APRD-BT-001,Bemisia tabaci,Hemiptera,Aleyrodidae,7054,Acetamiprid,4A,Neonicotinoid,135410-20-7,CC(=NC#N)N(C)CC1=CN=C(C=C1)Cl,INCHIK_ACET_4A,2009,Spain,Europe,Leaf dip,0.40,32.0,80.0,CYP6CM1
REC-V2-0027,APRD,APRD-BT-002,Bemisia tabaci,Hemiptera,Aleyrodidae,7054,Spiromesifen,23,Tetronic acid derivative,283594-90-1,CC1=CC(=C(C=C1)C2=C(C(=O)OC23CCCC3)OC(=O)CC(C)(C)C)C,INCHIK_SPIROM_23,2014,Israel,Asia,Leaf dip,0.10,3.5,35.0,None
REC-V2-0028,APRD,APRD-BT-003,Bemisia tabaci,Hemiptera,Aleyrodidae,7054,Pyriproxyfen,7C,Juvenile hormone mimic,95737-68-1,CC(COC1=CC=CC=C1OC2=CC=NC=C2)OCC3=CC=CC=C3,INCHIK_PYRIP_7C,2011,USA,North America,Leaf dip,0.05,25.0,500.0,None
REC-V2-0029,APRD,APRD-BT-004,Bemisia tabaci,Hemiptera,Aleyrodidae,7054,Cyantraniliprole,28,Anthranilic diamide,736994-63-1,CC1=CC(=C(C(=C1)C(=O)NC2=CC(=NN2C3=NC=CC=C3Cl)C(=O)NC)C#N)Br,INCHIK_CYANT_28,2021,Greece,Europe,Leaf dip,0.03,0.27,9.0,None
REC-V2-0030,APRD,APRD-LD-001,Leptinotarsa decemlineata,Coleoptera,Chrysomelidae,7539,Imidacloprid,4A,Neonicotinoid,138261-41-3,C1CN(C(=N[N+](=O)[O-])N1)CC2=CN=C(C=C2)Cl,INCHIK_IMID_4A,2006,USA,North America,Topical,0.04,12.4,310.0,nAChR-None
REC-V2-0031,APRD,APRD-LD-002,Leptinotarsa decemlineata,Coleoptera,Chrysomelidae,7539,Chlorantraniliprole,28,Anthranilic diamide,500008-45-7,CC1=CC(=C(C(=C1)C(=O)NC2=CC(=NN2C3=NC=CC=C3Cl)C(=O)NC)Cl)Br,INCHIK_CHLOR_28,2019,USA,North America,Diet incorporation,0.08,0.40,5.0,None
REC-V2-0032,APRD,APRD-LD-003,Leptinotarsa decemlineata,Coleoptera,Chrysomelidae,7539,Permethrin,3A,Pyrethroid,52645-53-1,CC1(C(C1C=C(Cl)Cl)C(=O)OCC2=CC(=CC=C2)OC3=CC=CC=C3)C,INCHIK_PERM_3A,1995,USA,North America,Topical,0.20,68.0,340.0,kdr-L1014F
REC-V2-0033,APRD,APRD-LD-004,Leptinotarsa decemlineata,Coleoptera,Chrysomelidae,7539,Spinosad,5,Spinosyn,168316-95-8,CCC1CC(=O)C(CC(C1)OC2CCC(C(O2)C)N(C)C)C,INCHIK_SPIN_5,2017,Canada,North America,Leaf dip,0.30,4.5,15.0,None
REC-V2-0034,APRD,APRD-FO-001,Frankliniella occidentalis,Thysanoptera,Thripidae,133901,Spinetoram,5,Spinosyn,187166-40-1,CCC1CC(=O)C(CC(C1)OC2CCC(C(O2)C)N(C)C)C,INCHIK_SPINT_5,2016,Spain,Europe,Leaf dip,0.08,9.6,120.0,nAChR-None
REC-V2-0035,APRD,APRD-FO-002,Frankliniella occidentalis,Thysanoptera,Thripidae,133901,Acramite,20D,Bifenazate,149877-41-8,CC(C)OC(=O)NNC1=CC=CC=C1C2=CC=CC=C2,INCHIK_BIFEN_20D,2015,Netherlands,Europe,Leaf dip,0.50,15.0,30.0,None
REC-V2-0036,APRD,APRD-FO-003,Frankliniella occidentalis,Thysanoptera,Thripidae,133901,Formetanate,1A,Carbamate,22259-30-9,CN=CN(C)C1=CC=CC(=C1)OC(=O)NC,INCHIK_FORMET_1A,2010,Israel,Asia,Leaf dip,0.35,14.0,40.0,AChE-None
REC-V2-0037,APRD,APRD-TU-001,Tetranychus urticae,Trombidiformes,Tetranychidae,32264,Abamectin,6,Avermectin,71751-41-2,CCC(C)C1CC(CC2(O1)CC3CC(O2)CC=C(C(C(C=CC=C4COC5C4(C(CC(C5O)OC6CC(C(C(O6)C)O)OC7CC(C(C(O7)C)O)O)O)O)C)O3)C)C,INCHIK_ABAM_6,2012,Turkey,Asia,Leaf dip,0.002,0.42,210.0,GluCl-G314D
REC-V2-0038,APRD,APRD-TU-002,Tetranychus urticae,Trombidiformes,Tetranychidae,32264,Pyridaben,21A,METI acaricide,96489-71-3,CC(C)(C)C1=CC=C(C=C1)SCC2=NN=C(C(=C2Cl)Cl)OC(C)(C)C,INCHIK_PYRID_21A,2015,Greece,Europe,Leaf dip,0.015,1.20,80.0,PSST-None
REC-V2-0039,APRD,APRD-TU-003,Tetranychus urticae,Trombidiformes,Tetranychidae,32264,Spiromesifen,23,Tetronic acid derivative,283594-90-1,CC1=CC(=C(C=C1)C2=C(C(=O)OC23CCCC3)OC(=O)CC(C)(C)C)C,INCHIK_SPIROM_23,2018,USA,North America,Leaf dip,0.05,2.1,42.0,None
REC-V2-0040,APRD,APRD-TU-004,Tetranychus urticae,Trombidiformes,Tetranychidae,32264,Bifenthrin,3A,Pyrethroid,82657-04-3,CC1(C(C1C=C(Cl)C(F)(F)F)C(=O)OCC2=CC(=CC=C2C3=CC=CC=C3)C)C,INCHIK_BIFENT_3A,2005,Italy,Europe,Leaf dip,0.03,15.6,520.0,kdr-L1024V
REC-V2-0041,APRD,APRD-MD-001,Musca domestica,Diptera,Muscidae,7370,Permethrin,3A,Pyrethroid,52645-53-1,CC1(C(C1C=C(Cl)Cl)C(=O)OCC2=CC(=CC=C2)OC3=CC=CC=C3)C,INCHIK_PERM_3A,2004,USA,North America,Vial residual,0.10,48.0,480.0,kdr-L1014F
REC-V2-0042,APRD,APRD-MD-002,Musca domestica,Diptera,Muscidae,7370,Imidacloprid,4A,Neonicotinoid,138261-41-3,C1CN(C(=N[N+](=O)[O-])N1)CC2=CN=C(C=C2)Cl,INCHIK_IMID_4A,2011,Denmark,Europe,Bait bioassay,0.50,45.0,90.0,CYP6D1
REC-V2-0043,APRD,APRD-MD-003,Musca domestica,Diptera,Muscidae,7370,Spinosad,5,Spinosyn,168316-95-8,CCC1CC(=O)C(CC(C1)OC2CCC(C(O2)C)N(C)C)C,INCHIK_SPIN_5,2013,USA,North America,Topical,0.06,7.2,120.0,nAChR-None
REC-V2-0044,APRD,APRD-MD-004,Musca domestica,Diptera,Muscidae,7370,Malathion,1B,Organophosphate,121-75-5,CCOC(=O)CC(C(=O)OCC)SP(=S)(OC)OC,INCHIK_MALATH_1B,1999,USA,North America,Topical,0.45,18.0,40.0,AChE-W86A
